<?xml version="1.0" encoding="UTF-8"?><idempiere Name="2Pack_1.0.0_BPAllocation" Version="1.0.0" idempiereVersion="" DataBaseVersion="" Description="" Author="" AuthorEmail="" CreatedDate="2022-09-06 11:23:32.276" UpdatedDate="2022-09-06 11:23:36.888" PackOutVersion="100" UpdateDictionary="false" Client="0-SYSTEM-System" AD_Client_UU="11237b53-9592-4af1-b3c5-afd216514b5d">
    <AD_EntityType type="table">
        <AD_Client_ID>0</AD_Client_ID>
        <AD_Org_ID>0</AD_Org_ID>
        <EntityType>FTUBPAlloc</EntityType>
        <AD_Org_ID reference="id">0</AD_Org_ID>
        <IsActive>Y</IsActive>
        <Name>Frontuari BP Allocation</Name>
        <Description/>
        <Help/>
        <Version>1.0.0</Version>
        <ModelPackage>net.frontuari.bpallocation.model</ModelPackage>
        <Classpath/>
        <Processing>N</Processing>
        <AD_EntityType_UU>bda5eab6-eb92-40e2-854a-037542715f72</AD_EntityType_UU>
    </AD_EntityType>
    <AD_Menu type="table">
        <SeqNo>1000</SeqNo>
        <AD_Client_ID>0</AD_Client_ID>
        <AD_Org_ID>0</AD_Org_ID>
        <Name>Payment Allocation Between Orgs</Name>
        <Description>Allocate invoices and payments</Description>
        <Action>X</Action>
        <AD_Window_ID reference="id"/>
        <AD_Workflow_ID reference="id"/>
        <AD_Task_ID reference="id"/>
        <AD_Org_ID reference="id">0</AD_Org_ID>
        <IsActive>Y</IsActive>
        <IsSummary>N</IsSummary>
        <AD_Process_ID reference="id"/>
        <IsSOTrx>N</IsSOTrx>
        <AD_Form_ID reference="uuid" reference-key="AD_Form">a84b6030-8f0b-47b2-a699-f7f2a1cbe3b2</AD_Form_ID>
        <IsReadOnly>N</IsReadOnly>
        <EntityType>FTU</EntityType>
        <IsCentrallyMaintained>Y</IsCentrallyMaintained>
        <AD_Menu_UU>2ed8e719-80d3-4e08-b8b2-3ea485ebf12b</AD_Menu_UU>
        <AD_InfoWindow_ID reference="id"/>
        <PredefinedContextVariables/>
        <AD_Menu_Trl type="translation">
            <Description>Asignación de Pago Entre Organizaciones</Description>
            <Name>Asignación de Pago Entre Organizaciones</Name>
            <AD_Language>es_CO</AD_Language>
            <IsActive>Y</IsActive>
            <IsTranslated>N</IsTranslated>
        </AD_Menu_Trl>
        <AD_Form type="table">
            <AD_Client_ID>0</AD_Client_ID>
            <AD_Org_ID>0</AD_Org_ID>
            <AD_Org_ID reference="id">0</AD_Org_ID>
            <IsActive>Y</IsActive>
            <Name>Payment Allocation Between Orgs</Name>
            <Description>Allocate invoices and payments</Description>
            <Help/>
            <Classname>net.frontuari.bpallocation.webui.apps.form.WFTUVAllocation</Classname>
            <AccessLevel>1</AccessLevel>
            <EntityType>FTUBPAlloc</EntityType>
            <IsBetaFunctionality>N</IsBetaFunctionality>
            <JSPURL/>
            <AD_Form_UU>a84b6030-8f0b-47b2-a699-f7f2a1cbe3b2</AD_Form_UU>
            <AD_CtxHelp_ID reference="id"/>
            <AD_Form_Trl type="translation">
                <Description>Asignación de Pago Entre Organizaciones</Description>
                <Help/>
                <Name>Asignación de Pago Entre Organizaciones</Name>
                <AD_Language>es_CO</AD_Language>
                <IsActive>Y</IsActive>
                <IsTranslated>N</IsTranslated>
            </AD_Form_Trl>
        </AD_Form>
    </AD_Menu>
    <AD_Menu type="table">
        <SeqNo>999</SeqNo>
        <AD_Client_ID>0</AD_Client_ID>
        <AD_Org_ID>0</AD_Org_ID>
        <Name>Payment Allocation BP</Name>
        <Description/>
        <Action>X</Action>
        <AD_Window_ID reference="id"/>
        <AD_Workflow_ID reference="id"/>
        <AD_Task_ID reference="id"/>
        <AD_Org_ID reference="id">0</AD_Org_ID>
        <IsActive>Y</IsActive>
        <IsSummary>N</IsSummary>
        <AD_Process_ID reference="id"/>
        <IsSOTrx>N</IsSOTrx>
        <AD_Form_ID reference="uuid" reference-key="AD_Form">666cba23-ecf5-48e1-9bf8-7bccb272d323</AD_Form_ID>
        <IsReadOnly>N</IsReadOnly>
        <EntityType>FTU</EntityType>
        <IsCentrallyMaintained>Y</IsCentrallyMaintained>
        <AD_Menu_UU>d5422054-3633-4152-a7c6-c24a33abc918</AD_Menu_UU>
        <AD_InfoWindow_ID reference="id"/>
        <PredefinedContextVariables/>
        <AD_Menu_Trl type="translation">
            <Description/>
            <Name>Asignacion de Pago entre Terceros</Name>
            <AD_Language>es_CO</AD_Language>
            <IsActive>Y</IsActive>
            <IsTranslated>N</IsTranslated>
        </AD_Menu_Trl>
        <AD_Form type="table">
            <AD_Client_ID>0</AD_Client_ID>
            <AD_Org_ID>0</AD_Org_ID>
            <AD_Org_ID reference="id">0</AD_Org_ID>
            <IsActive>Y</IsActive>
            <Name>Payment Allocation BP</Name>
            <Description>Allocate invoices and payments</Description>
            <Help/>
            <Classname>net.frontuari.bpallocation.webui.apps.form.WFTUBPAllocation</Classname>
            <AccessLevel>1</AccessLevel>
            <EntityType>FTUBPAlloc</EntityType>
            <IsBetaFunctionality>N</IsBetaFunctionality>
            <JSPURL/>
            <AD_Form_UU>666cba23-ecf5-48e1-9bf8-7bccb272d323</AD_Form_UU>
            <AD_CtxHelp_ID reference="id"/>
            <AD_Form_Trl type="translation">
                <Description>Asigna Facturas y Pagos entre Terceros</Description>
                <Help/>
                <Name>Asignacion de Pago entre Terceros</Name>
                <AD_Language>es_CO</AD_Language>
                <IsActive>Y</IsActive>
                <IsTranslated>N</IsTranslated>
            </AD_Form_Trl>
        </AD_Form>
    </AD_Menu>
    <AD_Menu type="table">
        <Parent_ID reference="id">236</Parent_ID>
        <SeqNo>11</SeqNo>
        <AD_Menu_ID>245</AD_Menu_ID>
        <AD_Client_ID>0</AD_Client_ID>
        <AD_Org_ID>0</AD_Org_ID>
        <AD_Menu_ID>245</AD_Menu_ID>
        <Name>Payment Allocation</Name>
        <Description>Allocate invoices and payments</Description>
        <Action>X</Action>
        <AD_Window_ID reference="id"/>
        <AD_Workflow_ID reference="id"/>
        <AD_Task_ID reference="id"/>
        <AD_Org_ID reference="id">0</AD_Org_ID>
        <IsActive>Y</IsActive>
        <IsSummary>N</IsSummary>
        <AD_Process_ID reference="id"/>
        <IsSOTrx>Y</IsSOTrx>
        <AD_Form_ID reference="id">104</AD_Form_ID>
        <IsReadOnly>N</IsReadOnly>
        <EntityType>D</EntityType>
        <IsCentrallyMaintained>Y</IsCentrallyMaintained>
        <AD_Menu_UU>e2ac4d15-bb88-4af2-8ccf-88f188b661e5</AD_Menu_UU>
        <AD_InfoWindow_ID reference="id"/>
        <PredefinedContextVariables>IgnoreIsSOTrxInBPInfo=Y</PredefinedContextVariables>
        <AD_Menu_Trl type="translation">
            <Description>Asignar facturas y pagos</Description>
            <Name>Asignación de Pagos</Name>
            <AD_Language>es_CO</AD_Language>
            <IsActive>Y</IsActive>
            <IsTranslated>Y</IsTranslated>
        </AD_Menu_Trl>
        <AD_Form type="table">
        <AD_Form_ID>104</AD_Form_ID>
        <AD_Client_ID>0</AD_Client_ID>
        <AD_Org_ID>0</AD_Org_ID>
        <AD_Form_ID>104</AD_Form_ID>
        <AD_Org_ID reference="id">0</AD_Org_ID>
        <IsActive>Y</IsActive>
        <Name>Payment Allocation</Name>
        <Description>Allocate invoices and payments</Description>
        <Help/>
        <Classname>net.frontuari.bpallocation.webui.apps.form.WAllocation</Classname>
        <AccessLevel>1</AccessLevel>
        <EntityType>D</EntityType>
        <IsBetaFunctionality>N</IsBetaFunctionality>
        <JSPURL/>
        <AD_Form_UU>1dec8db2-4f74-45cd-aa5c-b3642f58ce5b</AD_Form_UU>
        <AD_CtxHelp_ID reference="id"/>
        <AD_Form_Trl type="translation">
            <Description>Asignar facturas y pagos</Description>
            <Help/>
            <Name>Asignación de Pagos</Name>
            <AD_Language>es_CO</AD_Language>
            <IsActive>Y</IsActive>
            <IsTranslated>Y</IsTranslated>
        </AD_Form_Trl>
    </AD_Form>
    </AD_Menu>
    <SQLMandatory type="custom">
        <DBType>Postgres</DBType>
        <statement>
            <![CDATA[UPDATE AD_Form SET ClassName='net.frontuari.bpallocation.webui.apps.form.WAllocation'
WHERE AD_Form_UU = '1dec8db2-4f74-45cd-aa5c-b3642f58ce5b';]]>
        </statement>
    </SQLMandatory>
</idempiere>
