<?xml version="1.0" encoding="UTF-8"?><idempiere Name="2Pack_1.0.3_ActivityAndCostCenter" Version="1.0.3" idempiereVersion="" DataBaseVersion="" Description="Add Fields for Activity and CostCenter on AllocationLine" Author="" AuthorEmail="jcolmenarez@frontuari.net" CreatedDate="2024-03-11 15:41:35.383" UpdatedDate="2024-03-11 15:41:35.383" PackOutVersion="100" UpdateDictionary="false" Client="0-SYSTEM-System" AD_Client_UU="11237b53-9592-4af1-b3c5-afd216514b5d">
    <AD_Menu type="table">
        <Parent_ID reference="id">236</Parent_ID>
        <SeqNo>47</SeqNo>
        <AD_Menu_ID>251</AD_Menu_ID>
        <AD_Client_ID>0</AD_Client_ID>
        <AD_Org_ID>0</AD_Org_ID>
        <AD_Menu_ID>251</AD_Menu_ID>
        <Name>View Allocation</Name>
        <Description>View and Reverse Allocations </Description>
        <Action>W</Action>
        <AD_Window_ID reference="id">205</AD_Window_ID>
        <AD_Workflow_ID reference="id"/>
        <AD_Task_ID reference="id"/>
        <AD_Org_ID reference="id">0</AD_Org_ID>
        <IsActive>Y</IsActive>
        <IsSummary>N</IsSummary>
        <AD_Process_ID reference="id"/>
        <IsSOTrx>Y</IsSOTrx>
        <AD_Form_ID reference="id"/>
        <IsReadOnly>N</IsReadOnly>
        <EntityType>D</EntityType>
        <IsCentrallyMaintained>Y</IsCentrallyMaintained>
        <AD_Menu_UU>4d1685ba-17ec-4904-bc0f-252d57c5703e</AD_Menu_UU>
        <AD_InfoWindow_ID reference="id"/>
        <PredefinedContextVariables/>
        <AD_Menu_Trl type="translation">
            <Description>Consulta de Asignación</Description>
            <Name>Consulta de Asignación</Name>
            <AD_Language>es_CO</AD_Language>
            <IsActive>Y</IsActive>
            <IsTranslated>Y</IsTranslated>
        </AD_Menu_Trl>
        <AD_Menu_Trl type="translation">
            <Description>Consulta de Asignación</Description>
            <Name>Consulta de Asignación</Name>
            <AD_Language>es_VE</AD_Language>
            <IsActive>Y</IsActive>
            <IsTranslated>N</IsTranslated>
        </AD_Menu_Trl>
        <AD_Column type="table">
            <IsSyncDatabase>Y</IsSyncDatabase>
            <AD_Table_ID reference="id">390</AD_Table_ID>
            <AD_Reference_Value_ID reference="id">142</AD_Reference_Value_ID>
            <AD_Client_ID>0</AD_Client_ID>
            <AD_Org_ID>0</AD_Org_ID>
            <Version>0</Version>
            <Name>Activity</Name>
            <Description>Business Activity</Description>
            <Help>Activities indicate tasks that are performed and used to utilize Activity based Costing</Help>
            <AD_Val_Rule_ID reference="id"/>
            <ColumnName>C_Activity_ID</ColumnName>
            <DefaultValue/>
            <FieldLength>22</FieldLength>
            <IsKey>N</IsKey>
            <IsParent>N</IsParent>
            <IsMandatory>N</IsMandatory>
            <IsTranslated>N</IsTranslated>
            <IsIdentifier>N</IsIdentifier>
            <SeqNo>0</SeqNo>
            <IsEncrypted>N</IsEncrypted>
            <AD_Reference_ID reference="id">30</AD_Reference_ID>
            <AD_Org_ID reference="id">0</AD_Org_ID>
            <IsActive>Y</IsActive>
            <VFormat/>
            <Callout/>
            <AD_Element_ID reference="id">1005</AD_Element_ID>
            <IsUpdateable>Y</IsUpdateable>
            <AD_Process_ID reference="id"/>
            <ValueMin/>
            <ValueMax/>
            <IsSelectionColumn>N</IsSelectionColumn>
            <ReadOnlyLogic/>
            <EntityType>FTUBPAlloc</EntityType>
            <IsAlwaysUpdateable>N</IsAlwaysUpdateable>
            <ColumnSQL/>
            <MandatoryLogic/>
            <IsAutocomplete>N</IsAutocomplete>
            <IsAllowLogging>Y</IsAllowLogging>
            <FormatPattern/>
            <AD_Chart_ID reference="id"/>
            <AD_Column_UU>83f8c315-b5ab-4145-b9b7-168f6adc3747</AD_Column_UU>
            <IsAllowCopy>Y</IsAllowCopy>
            <SeqNoSelection>0</SeqNoSelection>
            <IsToolbarButton>N</IsToolbarButton>
            <IsSecure>N</IsSecure>
            <FKConstraintName>CActivity_CAllocationLine</FKConstraintName>
            <FKConstraintType>N</FKConstraintType>
            <PA_DashboardContent_ID reference="id"/>
            <Placeholder/>
            <IsHtml>N</IsHtml>
            <AD_Val_Rule_Lookup_ID reference="id"/>
            <AlwaysUpdatableLogic/>
            <AD_InfoWindow_ID reference="id"/>
        </AD_Column>
        <AD_Column type="table">
            <IsSyncDatabase>Y</IsSyncDatabase>
            <AD_Table_ID reference="id">390</AD_Table_ID>
            <AD_Reference_Value_ID reference="id">134</AD_Reference_Value_ID>
            <AD_Client_ID>0</AD_Client_ID>
            <AD_Org_ID>0</AD_Org_ID>
            <Version>0</Version>
            <Name>User Element List 1</Name>
            <Description>User defined list element #1</Description>
            <Help>The user defined element displays the optional elements that have been defined for this account combination.</Help>
            <AD_Val_Rule_ID reference="uuid" reference-key="AD_Val_Rule">effac101-4b49-4ba1-b6c0-0688d0d49535</AD_Val_Rule_ID>
            <ColumnName>User1_ID</ColumnName>
            <DefaultValue/>
            <FieldLength>10</FieldLength>
            <IsKey>N</IsKey>
            <IsParent>N</IsParent>
            <IsMandatory>N</IsMandatory>
            <IsTranslated>N</IsTranslated>
            <IsIdentifier>N</IsIdentifier>
            <SeqNo>0</SeqNo>
            <IsEncrypted>N</IsEncrypted>
            <AD_Reference_ID reference="id">30</AD_Reference_ID>
            <AD_Org_ID reference="id">0</AD_Org_ID>
            <IsActive>Y</IsActive>
            <VFormat/>
            <Callout/>
            <AD_Element_ID reference="id">613</AD_Element_ID>
            <IsUpdateable>Y</IsUpdateable>
            <AD_Process_ID reference="id"/>
            <ValueMin/>
            <ValueMax/>
            <IsSelectionColumn>N</IsSelectionColumn>
            <ReadOnlyLogic/>
            <EntityType>FTUBPAlloc</EntityType>
            <IsAlwaysUpdateable>N</IsAlwaysUpdateable>
            <ColumnSQL/>
            <MandatoryLogic/>
            <IsAutocomplete>N</IsAutocomplete>
            <IsAllowLogging>Y</IsAllowLogging>
            <FormatPattern/>
            <AD_Chart_ID reference="id"/>
            <AD_Column_UU>e2966c08-810f-4f0d-b02c-b9f5816b0f68</AD_Column_UU>
            <IsAllowCopy>Y</IsAllowCopy>
            <SeqNoSelection>0</SeqNoSelection>
            <IsToolbarButton>N</IsToolbarButton>
            <IsSecure>N</IsSecure>
            <FKConstraintName>User1_CAllocationLine</FKConstraintName>
            <FKConstraintType>N</FKConstraintType>
            <PA_DashboardContent_ID reference="id"/>
            <Placeholder/>
            <IsHtml>N</IsHtml>
            <AD_Val_Rule_Lookup_ID reference="id"/>
            <AlwaysUpdatableLogic/>
            <AD_InfoWindow_ID reference="id"/>
        </AD_Column>
        <AD_Field type="table">
            <AD_Client_ID>0</AD_Client_ID>
            <AD_Org_ID>0</AD_Org_ID>
            <Name>Activity</Name>
            <Description>Business Activity</Description>
            <Help>Activities indicate tasks that are performed and used to utilize Activity based Costing</Help>
            <AD_Tab_ID reference="id">349</AD_Tab_ID>
            <AD_Column_ID reference="uuid" reference-key="AD_Column">83f8c315-b5ab-4145-b9b7-168f6adc3747</AD_Column_ID>
            <IsDisplayed>Y</IsDisplayed>
            <DisplayLogic>@$Element_AY@=Y</DisplayLogic>
            <DisplayLength>22</DisplayLength>
            <SeqNo>140</SeqNo>
            <SortNo/>
            <IsSameLine>N</IsSameLine>
            <IsHeading>N</IsHeading>
            <IsFieldOnly>N</IsFieldOnly>
            <IsEncrypted>N</IsEncrypted>
            <AD_Org_ID reference="id">0</AD_Org_ID>
            <IsActive>Y</IsActive>
            <IsReadOnly>N</IsReadOnly>
            <IsCentrallyMaintained>Y</IsCentrallyMaintained>
            <AD_FieldGroup_ID reference="id">104</AD_FieldGroup_ID>
            <EntityType>FTUBPAlloc</EntityType>
            <ObscureType/>
            <AD_Reference_ID reference="id"/>
            <IsMandatory/>
            <DefaultValue/>
            <AD_Reference_Value_ID reference="id"/>
            <AD_Val_Rule_ID reference="id"/>
            <Included_Tab_ID reference="id"/>
            <AD_Field_UU>cc0644b8-1f84-4b93-a45e-93ddbc24dd5e</AD_Field_UU>
            <IsAllowCopy/>
            <IsDisplayedGrid>Y</IsDisplayedGrid>
            <SeqNoGrid>140</SeqNoGrid>
            <XPosition>1</XPosition>
            <ColumnSpan>2</ColumnSpan>
            <NumLines>1</NumLines>
            <IsQuickEntry>N</IsQuickEntry>
            <IsUpdateable/>
            <IsAlwaysUpdateable/>
            <MandatoryLogic/>
            <ReadOnlyLogic/>
            <IsToolbarButton/>
            <IsDefaultFocus>N</IsDefaultFocus>
            <IsAdvancedField>N</IsAdvancedField>
            <VFormat/>
            <AD_LabelStyle_ID reference="id"/>
            <AD_FieldStyle_ID reference="id"/>
            <IsQuickForm>N</IsQuickForm>
            <Placeholder/>
            <IsSelectionColumn/>
            <AD_Val_Rule_Lookup_ID reference="id"/>
            <ColumnSQL/>
            <AD_Chart_ID reference="id"/>
            <AlwaysUpdatableLogic/>
            <AD_Field_Trl type="translation">
                <Description>Business Activity</Description>
                <Help>Activities indicate tasks that are performed and used to utilize Activity based Costing</Help>
                <Name>Activity</Name>
                <Placeholder/>
                <AD_Language>es_CO</AD_Language>
                <IsActive>Y</IsActive>
                <IsTranslated>N</IsTranslated>
            </AD_Field_Trl>
            <AD_Field_Trl type="translation">
                <Description>Business Activity</Description>
                <Help>Activities indicate tasks that are performed and used to utilize Activity based Costing</Help>
                <Name>Activity</Name>
                <Placeholder/>
                <AD_Language>es_VE</AD_Language>
                <IsActive>Y</IsActive>
                <IsTranslated>N</IsTranslated>
            </AD_Field_Trl>
        </AD_Field>
        <AD_Field type="table">
            <AD_Client_ID>0</AD_Client_ID>
            <AD_Org_ID>0</AD_Org_ID>
            <Name>User Element List 1</Name>
            <Description>User defined list element #1</Description>
            <Help>The user defined element displays the optional elements that have been defined for this account combination.</Help>
            <AD_Tab_ID reference="id">349</AD_Tab_ID>
            <AD_Column_ID reference="uuid" reference-key="AD_Column">e2966c08-810f-4f0d-b02c-b9f5816b0f68</AD_Column_ID>
            <IsDisplayed>Y</IsDisplayed>
            <DisplayLogic>@$Element_U1@=Y</DisplayLogic>
            <DisplayLength>10</DisplayLength>
            <SeqNo>150</SeqNo>
            <SortNo/>
            <IsSameLine>N</IsSameLine>
            <IsHeading>N</IsHeading>
            <IsFieldOnly>N</IsFieldOnly>
            <IsEncrypted>N</IsEncrypted>
            <AD_Org_ID reference="id">0</AD_Org_ID>
            <IsActive>Y</IsActive>
            <IsReadOnly>N</IsReadOnly>
            <IsCentrallyMaintained>Y</IsCentrallyMaintained>
            <AD_FieldGroup_ID reference="id"/>
            <EntityType>FTUBPAlloc</EntityType>
            <ObscureType/>
            <AD_Reference_ID reference="id"/>
            <IsMandatory/>
            <DefaultValue/>
            <AD_Reference_Value_ID reference="id"/>
            <AD_Val_Rule_ID reference="id"/>
            <Included_Tab_ID reference="id"/>
            <AD_Field_UU>666e1ebb-7aac-4769-a6f0-01ea3addeb91</AD_Field_UU>
            <IsAllowCopy/>
            <IsDisplayedGrid>Y</IsDisplayedGrid>
            <SeqNoGrid>150</SeqNoGrid>
            <XPosition>4</XPosition>
            <ColumnSpan>2</ColumnSpan>
            <NumLines>1</NumLines>
            <IsQuickEntry>N</IsQuickEntry>
            <IsUpdateable/>
            <IsAlwaysUpdateable/>
            <MandatoryLogic/>
            <ReadOnlyLogic/>
            <IsToolbarButton/>
            <IsDefaultFocus>N</IsDefaultFocus>
            <IsAdvancedField>N</IsAdvancedField>
            <VFormat/>
            <AD_LabelStyle_ID reference="id"/>
            <AD_FieldStyle_ID reference="id"/>
            <IsQuickForm>N</IsQuickForm>
            <Placeholder/>
            <IsSelectionColumn/>
            <AD_Val_Rule_Lookup_ID reference="id"/>
            <ColumnSQL/>
            <AD_Chart_ID reference="id"/>
            <AlwaysUpdatableLogic/>
            <AD_Field_Trl type="translation">
                <Description>User defined list element #1</Description>
                <Help>The user defined element displays the optional elements that have been defined for this account combination.</Help>
                <Name>User Element List 1</Name>
                <Placeholder/>
                <AD_Language>es_CO</AD_Language>
                <IsActive>Y</IsActive>
                <IsTranslated>N</IsTranslated>
            </AD_Field_Trl>
            <AD_Field_Trl type="translation">
                <Description>User defined list element #1</Description>
                <Help>The user defined element displays the optional elements that have been defined for this account combination.</Help>
                <Name>User Element List 1</Name>
                <Placeholder/>
                <AD_Language>es_VE</AD_Language>
                <IsActive>Y</IsActive>
                <IsTranslated>N</IsTranslated>
            </AD_Field_Trl>
        </AD_Field>
    </AD_Menu>
</idempiere>
