<?xml version="1.0" encoding="UTF-8"?><idempiere Name="2Pack_1.0.1_DocTypeFilterFeature" Version="1.0.1" idempiereVersion="" DataBaseVersion="" Description="Support for filter by payment/invoice document type" Author="" AuthorEmail="jcolmenarez@frontuari.net" CreatedDate="2024-01-18 11:32:04.499" UpdatedDate="2024-01-18 11:32:04.499" PackOutVersion="100" UpdateDictionary="false" Client="0-SYSTEM-System" AD_Client_UU="11237b53-9592-4af1-b3c5-afd216514b5d">
    <AD_Message type="table">
        <AD_Client_ID>0</AD_Client_ID>
        <AD_Org_ID>0</AD_Org_ID>
        <MsgType>I</MsgType>
        <MsgText>Document Type filter</MsgText>
        <MsgTip/>
        <AD_Org_ID reference="id">0</AD_Org_ID>
        <IsActive>Y</IsActive>
        <Value>docType.filter</Value>
        <EntityType>FTUBPAlloc</EntityType>
        <AD_Message_UU>3458670e-8b39-40f7-b104-4c01028b6e26</AD_Message_UU>
        <AD_Message_Trl type="translation">
            <MsgText>Filtrar por tipo de documento</MsgText>
            <MsgTip/>
            <AD_Language>es_CO</AD_Language>
            <IsActive>Y</IsActive>
            <IsTranslated>N</IsTranslated>
        </AD_Message_Trl>
        <AD_Message_Trl type="translation">
            <MsgText>Filtrar por tipo de documento</MsgText>
            <MsgTip/>
            <AD_Language>es_VE</AD_Language>
            <IsActive>Y</IsActive>
            <IsTranslated>N</IsTranslated>
        </AD_Message_Trl>
    </AD_Message>
</idempiere>
