<?xml version="1.0" encoding="UTF-8"?><idempiere Name="2Pack_1.0.1_DocTypeFilterFeature" Version="1.0.1" idempiereVersion="" DataBaseVersion="" Description="Support for filter by payment/invoice document type" Author="" AuthorEmail="jcolmenarez@frontuari.net" CreatedDate="2024-01-18 11:32:04.499" UpdatedDate="2024-01-18 11:32:04.499" PackOutVersion="100" UpdateDictionary="false" Client="0-SYSTEM-System" AD_Client_UU="11237b53-9592-4af1-b3c5-afd216514b5d">
    <AD_Message type="table">
        <AD_Client_ID>0</AD_Client_ID>
        <AD_Org_ID>0</AD_Org_ID>
        <MsgType>I</MsgType>
        <MsgText>Document Type filter</MsgText>
        <MsgTip/>
        <AD_Org_ID reference="id">0</AD_Org_ID>
        <IsActive>Y</IsActive>
        <Value>docType.filter</Value>
        <EntityType>FTUBPAlloc</EntityType>
        <AD_Message_UU>3458670e-8b39-40f7-b104-4c01028b6e26</AD_Message_UU>
        <AD_Message_Trl type="translation">
            <MsgText>Filtrar por tipo de documento</MsgText>
            <MsgTip/>
            <AD_Language>es_CO</AD_Language>
            <IsActive>Y</IsActive>
            <IsTranslated>N</IsTranslated>
        </AD_Message_Trl>
        <AD_Message_Trl type="translation">
            <MsgText>Filtrar por tipo de documento</MsgText>
            <MsgTip/>
            <AD_Language>es_VE</AD_Language>
            <IsActive>Y</IsActive>
            <IsTranslated>N</IsTranslated>
        </AD_Message_Trl>
    </AD_Message>
    <AD_Val_Rule type="table">
        <AD_Val_Rule_ID>149</AD_Val_Rule_ID>
        <AD_Client_ID>0</AD_Client_ID>
        <AD_Org_ID>0</AD_Org_ID>
        <AD_Val_Rule_ID>149</AD_Val_Rule_ID>
        <Name>C_DocType Payments/Receipts</Name>
        <Description/>
        <Type>S</Type>
        <Code>C_DocType.DocBaseType IN ('ARR', 'APP')  AND C_DocType.AD_Client_ID=@#AD_Client_ID@ AND C_DocType.C_DocType_ID IN (select distinct C_DocType_ID from AD_Document_Action_Access daa where daa.AD_Role_ID IN ((select Included_Role_ID from AD_Role_Included ri where ri.AD_Role_ID=@#AD_Role_ID@ union all select @#AD_Role_ID@)))</Code>
        <AD_Org_ID reference="id">0</AD_Org_ID>
        <IsActive>Y</IsActive>
        <EntityType>D</EntityType>
        <AD_Val_Rule_UU>e4654208-c06d-4b75-8642-3d59b2118ed2</AD_Val_Rule_UU>
    </AD_Val_Rule>
    <AD_Val_Rule type="table">
        <AD_Val_Rule_ID>124</AD_Val_Rule_ID>
        <AD_Client_ID>0</AD_Client_ID>
        <AD_Org_ID>0</AD_Org_ID>
        <AD_Val_Rule_ID>124</AD_Val_Rule_ID>
        <Name>C_DocTypeTarget AR/AP Invoices and Credit Memos</Name>
        <Description>Target Document Type AR/AP Invoice and Credit Memos</Description>
        <Type>S</Type>
        <Code>C_DocType.DocBaseType IN ('ARI', 'API','ARC','APC','ARD') AND (C_DocType.IsSOTrx='@IsSOTrx@' OR '@IsSOTrx:X@' = 'X')  AND C_DocType.AD_Client_ID=@#AD_Client_ID@ AND C_DocType.C_DocType_ID IN (select distinct C_DocType_ID from AD_Document_Action_Access daa where daa.AD_Role_ID IN ((select Included_Role_ID from AD_Role_Included ri where ri.AD_Role_ID=@#AD_Role_ID@ union all select @#AD_Role_ID@)))</Code>
        <AD_Org_ID reference="id">0</AD_Org_ID>
        <IsActive>Y</IsActive>
        <EntityType>D</EntityType>
        <AD_Val_Rule_UU>f4977109-4e5d-46ef-b79d-c5c930218be9</AD_Val_Rule_UU>
    </AD_Val_Rule>
</idempiere>
